start,end,Loudness_sma3,alphaRatio_sma3,hammarbergIndex_sma3,slope0-500_sma3,slope500-1500_sma3,spectralFlux_sma3,mfcc1_sma3,mfcc2_sma3,mfcc3_sma3,mfcc4_sma3,F0semitoneFrom27.5Hz_sma3nz,jitterLocal_sma3nz,shimmerLocaldB_sma3nz,HNRdBACF_sma3nz,logRelF0-H1-H2_sma3nz,logRelF0-H1-A3_sma3nz,F1frequency_sma3nz,F1bandwidth_sma3nz,F1amplitudeLogRelF0_sma3nz,F2frequency_sma3nz,F2bandwidth_sma3nz,F2amplitudeLogRelF0_sma3nz,F3frequency_sma3nz,F3bandwidth_sma3nz,F3amplitudeLogRelF0_sma3nz
0 days 00:00:00,0 days 00:00:00.020000,0.036620565,-22.231188,33.58428,-0.054105997,0.026182512,0.004280455,7.3494606,14.080638,17.798498,10.603459,0.0,0.0,0.0,0.0,0.0,0.0,1014.92267,1144.9678,-201.0,2023.8802,1179.4974,-201.0,2961.3242,863.51025,-201.0
0 days 00:00:00.010000,0 days 00:00:00.030000,0.035347328,-24.530127,36.53933,-0.05490167,0.02094479,0.0089139845,8.155534,14.570273,15.676188,8.259105,0.0,0.0,0.0,0.0,0.0,0.0,996.9982,1228.394,-201.0,2048.0586,1202.9901,-201.0,2922.6396,895.20917,-201.0
0 days 00:00:00.020000,0 days 00:00:00.040000,0.034773927,-25.316446,38.16882,-0.05867551,0.016699942,0.013691896,8.150909,15.901883,13.796527,7.758673,0.0,0.0,0.0,0.0,0.0,0.0,1023.9514,1746.5214,-201.0,1908.743,1277.6764,-201.0,2864.078,959.24884,-201.0
0 days 00:00:00.030000,0 days 00:00:00.050000,0.037970368,-21.849371,33.158794,-0.051043537,0.0156757,0.013707541,4.6286793,18.346727,12.286824,7.277043,0.0,0.0,0.0,0.0,0.0,0.0,1038.6974,1725.6058,-201.0,1883.1553,1245.052,-201.0,2851.411,871.7518,-201.0
0 days 00:00:00.040000,0 days 00:00:00.060000,0.038702425,-21.143106,32.667645,-0.052682772,0.018412476,0.015547554,3.21923,20.39586,12.689926,8.585206,0.0,0.0,0.0,0.0,0.0,0.0,985.42676,2242.4426,-201.0,1739.2601,1305.9377,-201.0,2809.4485,882.3735,-201.0
0 days 00:00:00.050000,0 days 00:00:00.070000,0.03875944,-18.46089,29.74534,-0.045743722,0.021946467,0.01836433,2.5740876,19.578432,12.122231,7.217293,0.0,0.0,0.0,0.0,0.0,0.0,677.3809,2004.4786,-201.0,1612.7568,1158.8004,-201.0,2650.2363,809.59,-201.0
0 days 00:00:00.060000,0 days 00:00:00.080000,0.037904136,-18.986216,30.488579,-0.053708818,0.02270563,0.015589669,3.754615,18.891428,14.716186,7.684583,0.0,0.0,0.0,0.0,0.0,0.0,726.6578,1936.9183,-201.0,1687.8359,1150.3717,-201.0,2678.0664,819.8393,-201.0
0 days 00:00:00.070000,0 days 00:00:00.090000,0.043210115,-15.951165,26.758413,-0.04377396,0.021546507,0.013893228,2.2666535,17.62567,15.898747,2.621948,0.0,0.0,0.0,0.0,0.0,0.0,746.0285,1347.8549,-201.0,1830.5468,909.6097,-201.0,2723.1174,716.59033,-201.0
0 days 00:00:00.080000,0 days 00:00:00.100000,0.04631096,-19.421854,30.823195,-0.047679123,0.01851368,0.014236949,2.1771169,17.752674,16.393301,4.4641023,0.0,0.0,0.0,0.0,0.0,0.0,973.1094,1576.8397,-201.0,1952.9415,1051.8466,-201.0,2901.5461,726.2664,-201.0
0 days 00:00:00.090000,0 days 00:00:00.110000,0.04784577,-22.031189,33.863876,-0.054628436,0.021666562,0.016550787,1.7143358,15.486489,16.503843,7.5431595,0.0,0.0,0.0,0.0,0.0,0.0,988.79443,1539.6265,-201.0,1939.9459,1193.3607,-201.0,2795.0645,830.31396,-201.0
0 days 00:00:00.100000,0 days 00:00:00.120000,0.3549776,-16.78558,26.931059,-0.048907626,0.012469768,0.16989362,3.7082984,9.399149,13.276421,8.95742,0.0,0.0,0.0,0.0,0.0,0.0,850.6089,1651.5853,-201.0,1774.1967,1285.2291,-201.0,2645.0857,1597.5074,-201.0
0 days 00:00:00.110000,0 days 00:00:00.130000,0.701864,-8.171296,13.768207,-0.026631393,0.00048368238,0.2874131,1.7936726,5.8597703,16.869665,1.9234082,0.0,0.0,0.0,0.0,0.0,0.0,671.29364,1120.2034,-135.12852,1732.7572,945.43524,-142.78307,2496.743,1556.3033,-141.16847
0 days 00:00:00.120000,0 days 00:00:00.140000,0.9964219,-2.0185854,4.312802,-0.01516858,-0.009971478,0.46973696,3.453019,4.268554,24.138288,0.25310612,31.316086,0.0,0.0,0.9758295,-4.2567053,17.147585,738.0367,951.61993,-75.815865,1778.1215,796.09644,-79.34513,2688.0388,1506.8994,-80.6164
0 days 00:00:00.130000,0 days 00:00:00.150000,1.2544152,-6.591829,9.168393,-0.00048563568,-0.016735248,1.131706,9.632037,7.823508,30.315695,1.8267788,30.975769,0.0,0.0,0.57523125,-4.799208,16.644197,689.65607,850.57666,-9.478082,1768.0337,621.20294,-17.84007,2748.7988,821.43085,-19.491096
0 days 00:00:00.140000,0 days 00:00:00.160000,1.7434374,-10.337595,15.1666765,0.011006501,-0.023095677,1.9867586,18.244682,6.4948826,28.532187,5.3831973,30.31486,0.0,0.0,1.0242416,-4.932327,13.510826,697.24994,897.7072,-7.4250484,1792.3243,732.8413,-13.990021,2775.9656,1001.68,-15.28745
0 days 00:00:00.150000,0 days 00:00:00.170000,2.3119488,-11.932103,17.812971,0.036895517,-0.035766825,2.4881394,25.412237,0.935715,19.659346,4.563734,29.79297,0.0,0.0,1.8017801,-2.3680966,15.341588,385.82153,1104.6029,-0.08963426,1521.3633,696.1237,-15.9500475,2525.633,994.8403,-15.8379135
0 days 00:00:00.160000,0 days 00:00:00.180000,2.4034262,-11.637268,17.353159,0.043984804,-0.039135203,2.514778,27.895498,-5.4608884,12.369817,0.35992894,29.252525,0.0,0.0,2.929245,0.0835228,16.712118,406.06665,1137.8344,-0.31391224,1539.8932,823.0901,-15.19016,2595.687,1534.0731,-16.942507
0 days 00:00:00.170000,0 days 00:00:00.190000,2.0458071,-14.33431,20.969437,0.036012705,-0.04240034,1.9447618,31.364126,-7.039566,6.060091,-4.6331162,28.807024,0.0,0.0,4.3796077,1.4226662,18.075674,426.16312,1225.7499,-2.4720209,1639.8584,926.1159,-13.094322,2723.14,1677.139,-19.125027
0 days 00:00:00.180000,0 days 00:00:00.200000,1.5849671,-15.955077,24.77299,0.038137782,-0.040997643,1.7492243,33.74531,-5.852196,2.3991988,-7.3590355,28.476694,0.014804106,1.8433058,5.3818183,1.137222,14.692285,443.1245,1216.0846,-4.20401,1646.3134,982.4914,-11.302146,2734.8926,1651.9858,-17.759073
0 days 00:00:00.190000,0 days 00:00:00.210000,1.4078315,-13.866714,23.42359,0.03028538,-0.039646957,1.0780647,32.713825,-7.2384295,4.3421454,-5.077734,28.288427,0.019061115,2.2042296,6.031753,1.4533888,13.852468,439.79605,1165.068,-6.808538,1617.6713,916.52997,-13.276657,2660.576,1115.2272,-19.207617
0 days 00:00:00.200000,0 days 00:00:00.220000,1.3431689,-10.161718,18.195238,0.035055075,-0.035517976,0.82778215,31.332504,-9.523153,8.542065,-1.3344961,28.023996,0.016262017,2.0788887,5.8832183,2.6677647,16.780025,434.20297,1115.8525,-8.793762,1529.6176,868.8929,-19.645987,2601.92,976.0696,-24.097483
0 days 00:00:00.210000,0 days 00:00:00.230000,1.2065521,-10.188329,16.830545,0.03073364,-0.03300319,0.49839053,31.28157,-7.9742527,12.803509,1.0324512,27.749037,0.011919753,1.8901535,6.2997894,3.9060042,22.825287,489.61008,1214.7692,-12.063663,1584.6162,856.1966,-27.612173,2656.4954,862.9382,-31.45632
0 days 00:00:00.220000,0 days 00:00:00.240000,0.89347655,-14.341778,21.780466,0.022045188,-0.035869785,0.44936943,31.873919,1.4829057,19.49183,0.025183598,27.770868,0.010909478,1.5934542,7.3345666,4.1580243,29.145454,494.089,1228.2021,-12.707603,1611.4037,866.0081,-34.403687,2678.0007,823.3908,-38.168407
0 days 00:00:00.230000,0 days 00:00:00.250000,0.58598465,-20.494148,28.586761,0.005144585,-0.028848214,0.38177547,30.91331,16.770224,22.91149,2.1370697,28.162687,0.015037042,1.3488163,8.180432,3.3780925,35.2507,469.78638,1252.3256,-12.738422,1625.6051,845.15216,-36.3274,2730.0107,804.7796,-43.892944
0 days 00:00:00.240000,0 days 00:00:00.260000,0.42120877,-25.28449,33.855713,-0.015055054,-0.024616426,0.2555389,28.136942,29.88201,28.554298,2.3995605,28.662828,0.019151092,1.4107199,8.673129,2.5425978,39.927113,395.65298,1176.392,-9.627273,1566.1742,842.7868,-34.37685,2732.0857,873.4248,-47.011784
0 days 00:00:00.250000,0 days 00:00:00.270000,0.3782256,-27.939402,36.338272,-0.016655462,-0.015879832,0.18121685,27.381426,36.3784,27.19766,4.734426,28.91215,0.0127332965,0.74552417,9.109055,2.2674546,42.309708,379.13974,1263.6898,-7.220062,1547.5645,920.9841,-29.927216,2812.9617,943.3816,-47.262314
0 days 00:00:00.260000,0 days 00:00:00.280000,0.4074739,-27.982435,37.049053,-0.002848982,-0.014599866,0.14196283,29.633215,34.75698,25.981081,5.330535,28.881912,0.016462239,0.646974,9.499825,2.4392264,43.75108,478.95044,1293.9916,-11.70432,1592.3917,900.1587,-27.976019,2814.4797,863.72723,-46.84936
0 days 00:00:00.270000,0 days 00:00:00.290000,0.4490333,-26.16617,36.622295,0.009206567,-0.009601727,0.14967287,32.5604,30.739588,21.186438,7.4787927,28.731062,0.019486522,0.473592,9.822281,2.7895195,44.80258,488.76535,1313.1339,-10.832928,1594.235,935.1113,-27.894663,2858.7263,1059.392,-46.67918
0 days 00:00:00.280000,0 days 00:00:00.300000,0.45602807,-24.994522,35.10777,0.011810747,-0.0069183935,0.14145148,34.92615,28.083588,18.32212,10.173633,28.621475,0.01847841,0.4879175,9.745232,2.8449013,44.24745,490.13693,1246.4525,-10.395485,1593.5587,856.39825,-28.327423,2837.617,1084.6514,-45.631226
0 days 00:00:00.290000,0 days 00:00:00.310000,0.44099784,-24.632723,33.473778,0.008657116,-0.008836257,0.1286878,34.91618,27.31344,18.64519,10.393476,28.734398,0.0141215725,0.5567593,7.253716,2.6212478,38.094395,387.58017,1259.9691,-3.896108,1519.2207,948.3929,-25.723215,2846.7263,1156.1265,-39.36925
0 days 00:00:00.300000,0 days 00:00:00.320000,0.4086472,-25.701109,31.530767,0.013121813,-0.012923774,0.11150833,34.99644,28.971685,19.963522,8.654112,29.501196,0.010469396,0.700433,4.0848117,1.6542835,27.823624,440.40274,1321.835,-2.906093,1572.3486,910.28955,-20.034985,2885.6545,1034.9344,-29.270775
0 days 00:00:00.310000,0 days 00:00:00.330000,0.40141633,-26.66337,32.690815,0.014691194,-0.014221635,0.12067834,34.9664,30.448736,18.28011,6.7208924,30.327026,0.0145708015,1.0089655,1.6411319,0.35008907,19.969917,442.0693,1312.1066,-2.0120716,1588.0577,937.9102,-12.582176,2854.7517,1053.8029,-21.361689
0 days 00:00:00.320000,0 days 00:00:00.340000,0.50837487,-24.43511,33.186,0.016171629,-0.01546939,0.2300381,34.83907,25.082222,16.432533,4.2461476,31.086126,0.0145708015,1.0089655,1.0408231,-0.6422456,15.640683,449.9829,1196.9796,-0.8574192,1581.2799,809.861,-8.9699335,2786.092,982.4085,-16.61675
0 days 00:00:00.330000,0 days 00:00:00.350000,1.0290732,-18.295076,27.745256,0.018801639,-0.022678459,0.7623318,32.5741,10.541652,12.056046,-0.42146555,31.388613,0.0145708015,1.0089655,-0.16481479,-0.11698326,14.454833,397.54337,1037.5358,-0.9386007,1502.6022,731.636,-5.692105,2632.339,804.8859,-15.393434
0 days 00:00:00.340000,0 days 00:00:00.360000,1.799946,-11.242279,21.31062,0.034085415,-0.026952868,1.3923359,29.981295,-6.4268775,5.3351727,-3.6990025,32.075047,0.0145708015,1.0089655,-1.7269182,0.24405003,13.222976,506.53845,1173.6744,1.3041719,1521.2223,776.4773,-2.5576851,2611.558,734.52374,-13.824296
0 days 00:00:00.350000,0 days 00:00:00.370000,2.4764414,-6.8086185,17.595493,0.03706146,-0.026999274,1.9559008,29.795557,-19.754175,-3.2782433,-7.4594636,32.890125,0.0145708015,1.0089655,-3.26202,-0.11478821,13.160187,525.3842,1331.6891,1.1791062,1545.7959,854.18335,1.3547937,2650.0076,644.20703,-13.886574
0 days 00:00:00.360000,0 days 00:00:00.380000,2.8458557,-4.9090414,19.879845,0.035095412,-0.017348735,2.3943367,30.56865,-25.196718,-11.417961,-10.0182085,33.990894,0.0145708015,1.0089655,-4.536777,-1.94815,12.344624,515.784,1445.4855,0.06637335,1530.7988,984.1098,2.0963771,2696.9143,723.56836,-14.1837435
0 days 00:00:00.370000,0 days 00:00:00.390000,2.969846,-2.7704265,19.99006,0.03402633,-0.007998384,2.644797,30.43897,-27.63027,-16.01419,-15.684575,35.35033,0.21209216,1.9521203,-4.5462794,-2.8369176,11.250924,549.938,1620.524,-2.219773,1493.7802,1085.4957,-0.19061725,2724.0564,725.47955,-15.3559
0 days 00:00:00.380000,0 days 00:00:00.400000,2.9092257,-1.1608214,19.071829,0.040742744,-0.0018426351,2.8106992,26.95333,-25.55036,-20.008356,-20.433004,36.564022,0.40961352,2.895275,-2.2560842,-2.727649,10.085629,535.8455,1703.1888,-4.938162,1469.7529,1262.1157,-3.7288735,2431.6765,1455.1725,-16.908995
0 days 00:00:00.390000,0 days 00:00:00.410000,2.459819,-1.6426702,17.02786,0.039564718,0.00082508713,2.5169554,23.665426,-20.251497,-18.97441,-22.549044,37.404682,0.41394094,3.6079,1.2123572,-1.6351881,10.103642,632.1973,1827.2289,-6.554458,1522.4176,1334.1465,-6.7712617,2430.5903,1440.598,-18.682245
0 days 00:00:00.400000,0 days 00:00:00.420000,1.7479581,-3.404152,17.523813,0.022458227,0.003058579,1.9355131,21.632828,-13.815656,-11.87234,-17.37751,37.502617,0.317344,3.4926348,3.1978662,-0.96284914,9.588127,528.9911,1615.3018,-73.1148,1485.2578,1406.9135,-72.58729,2298.7112,1712.6149,-79.64582
0 days 00:00:00.410000,0 days 00:00:00.430000,0.9858832,-7.544705,18.917315,-0.0029360026,0.006539495,1.2821074,20.064035,-2.2295558,-1.2411906,-8.308039,0.0,0.0,0.0,0.0,0.0,0.0,502.23764,1522.8701,-137.19147,1397.7701,1241.871,-136.99895,2472.5823,986.87665,-140.68855
0 days 00:00:00.420000,0 days 00:00:00.440000,0.44974175,-12.519551,25.165352,-0.021344213,0.009464671,0.62839186,19.655893,6.005674,2.759085,2.1277905,0.0,0.0,0.0,0.0,0.0,0.0,572.6099,1492.4523,-201.0,1519.2137,1467.7865,-201.0,2524.179,1126.2314,-201.0
0 days 00:00:00.430000,0 days 00:00:00.450000,0.1455531,-18.257986,31.891008,-0.036992315,0.010145131,0.2932085,19.107183,11.719525,2.6940937,5.4559617,0.0,0.0,0.0,0.0,0.0,0.0,716.8306,1421.2672,-201.0,1742.0033,1383.9381,-201.0,2742.4949,959.2985,-201.0
0 days 00:00:00.440000,0 days 00:00:00.460000,0.06677465,-23.096085,37.95996,-0.046645056,0.004982493,0.083037965,18.419504,11.522342,0.46252537,3.90885,0.0,0.0,0.0,0.0,0.0,0.0,959.5124,1463.9111,-201.0,1901.6046,1818.6279,-201.0,2864.39,960.87646,-201.0
0 days 00:00:00.450000,0 days 00:00:00.470000,0.05340561,-24.563856,37.717678,-0.0523238,0.0078186095,0.043615818,15.484113,15.3207445,7.3164687,3.631419,0.0,0.0,0.0,0.0,0.0,0.0,1006.0015,1414.2695,-201.0,1916.3926,1586.2562,-201.0,2875.0413,871.23267,-201.0
0 days 00:00:00.460000,0 days 00:00:00.480000,0.04965365,-24.716553,36.69014,-0.049045432,0.0091882525,0.031762768,13.225797,17.503069,10.109874,3.5392902,0.0,0.0,0.0,0.0,0.0,0.0,1002.4135,1612.7115,-201.0,1827.1742,1642.5836,-201.0,2851.005,736.45074,-201.0
0 days 00:00:00.470000,0 days 00:00:00.490000,0.047775585,-25.415606,37.321262,-0.046546727,0.012463332,0.02790989,11.896828,19.693968,12.260798,4.8319106,0.0,0.0,0.0,0.0,0.0,0.0,1015.8842,1490.4598,-201.0,2075.2913,1248.8561,-201.0,2801.963,1386.2406,-201.0
0 days 00:00:00.480000,0 days 00:00:00.500000,0.051212106,-23.63835,35.59212,-0.04225931,0.007920553,0.031757303,11.531189,17.545332,9.3320265,4.518989,0.0,0.0,0.0,0.0,0.0,0.0,816.9695,1491.749,-201.0,1868.8735,1281.601,-201.0,2617.6975,1435.5858,-201.0
0 days 00:00:00.490000,0 days 00:00:00.510000,0.10447488,-19.913023,29.640333,-0.04374927,-0.00041253306,0.050510064,13.444325,13.743198,11.482615,0.013638179,0.0,0.0,0.0,0.0,0.0,0.0,663.67474,1286.4604,-201.0,1810.1666,1162.9159,-201.0,2451.3894,1721.3141,-201.0
0 days 00:00:00.500000,0 days 00:00:00.520000,0.15773793,-13.412877,20.679834,-0.026014967,-0.0076751723,0.06444337,14.911392,7.6088676,6.3023515,-10.511335,0.0,0.0,0.0,0.0,0.0,0.0,472.75293,1255.1355,-143.95122,1494.1725,1443.582,-146.53642,2281.4812,1282.7565,-144.48216
0 days 00:00:00.510000,0 days 00:00:00.530000,0.19745784,-10.001019,15.316895,-0.017282432,-0.0077148355,0.06834281,16.51001,3.9680831,6.2683854,-19.20244,37.19597,0.0,0.0,8.661572,5.4473553,2.2705212,612.6487,1091.7125,-84.4186,1718.027,1229.4968,-92.27172,2551.3413,1144.999,-89.999886
0 days 00:00:00.520000,0 days 00:00:00.540000,0.18068606,-10.611149,16.27366,-0.017313393,0.0041451645,0.06013898,14.535861,4.610845,6.160414,-15.982708,37.065006,0.0,1.6498688,9.290986,7.9067082,6.6803265,762.52856,1035.8574,-29.505785,1874.4712,1107.6962,-39.761845,2795.0403,781.9666,-38.302555
0 days 00:00:00.530000,0 days 00:00:00.550000,0.17118889,-11.4433565,17.795029,-0.024075335,0.017259449,0.05911373,13.106191,8.109725,14.132869,-8.030307,36.759445,0.035353232,1.4865255,9.658262,12.031032,12.315873,886.8299,897.64777,-31.52334,2040.5331,630.3218,-41.992687,3122.2034,435.25186,-43.218884
0 days 00:00:00.540000,0 days 00:00:00.560000,0.17643593,-15.635369,24.323141,-0.025372863,0.019891107,0.08573204,14.890761,10.073815,16.590624,2.3259027,36.302258,0.028739676,1.9006988,8.14003,10.17777,14.599189,909.19434,865.94037,-34.836758,2014.392,600.898,-42.45023,3103.548,435.6211,-46.1066
0 days 00:00:00.550000,0 days 00:00:00.570000,0.2170918,-21.506577,30.29859,-0.013085895,0.01055554,0.22000839,20.196768,16.001345,18.961864,6.1375623,35.034008,0.022019656,1.3523699,6.103613,12.57175,21.984594,969.9432,920.7639,-32.87031,2041.2158,816.362,-39.973804,3075.082,635.4026,-46.676632
0 days 00:00:00.560000,0 days 00:00:00.580000,0.32937753,-25.554583,37.514057,0.0024711497,0.0041303295,0.4975035,28.80387,17.558432,18.157595,10.072964,33.527615,0.0155125605,1.4486356,5.275822,13.780861,29.323044,1049.793,1055.5299,-30.125223,2168.0571,953.02045,-37.309326,3270.3308,902.8299,-45.969753
0 days 00:00:00.570000,0 days 00:00:00.590000,0.46131745,-25.093962,38.315655,0.018000444,0.00019595605,0.7053978,35.308796,16.446274,18.208168,9.792693,32.04157,0.0155125605,1.4486356,6.2437854,17.72862,38.989895,1067.3331,1093.4288,-27.790735,2237.7588,962.79034,-38.34632,3464.3289,1021.01666,-43.49618
0 days 00:00:00.580000,0 days 00:00:00.600000,0.52931994,-23.44404,38.12699,0.024435157,-0.0038779166,0.7659321,38.36684,16.142431,14.84737,7.0867553,31.408491,0.0155125605,1.4486356,8.0254135,16.601377,37.51151,1015.4217,1189.1128,-25.511995,2228.6653,894.4178,-41.472107,3578.4153,1084.642,-37.701244
0 days 00:00:00.590000,0 days 00:00:00.610000,0.5223503,-25.089876,37.73496,0.032401174,-0.01341056,0.6131694,38.0275,20.295568,15.261017,5.8745294,31.153318,0.05134684,1.5200253,9.759603,16.637064,41.48839,744.27545,1309.7194,-15.126361,1941.3046,1007.29877,-40.213192,3226.583,1113.8828,-39.329517
0 days 00:00:00.600000,0 days 00:00:00.620000,0.503624,-27.503984,36.892853,0.03226802,-0.027358614,0.41513264,35.19623,30.929108,18.056585,-5.058189,31.09459,0.054861072,1.4289306,10.516204,16.62623,42.65288,639.8704,1512.7482,-15.829095,1838.7728,1208.5924,-36.81152,2975.006,1101.9774,-39.90051
0 days 00:00:00.610000,0 days 00:00:00.630000,0.50841147,-26.449507,32.15546,0.0326492,-0.03356591,0.29803714,32.06362,35.72249,22.668085,-12.36147,31.155525,0.051273014,0.9918418,10.803248,16.619987,45.17806,449.84103,1476.5612,-8.07524,1648.4188,1238.1747,-32.169437,2746.3066,1074.4943,-43.509724
0 days 00:00:00.620000,0 days 00:00:00.640000,0.48608187,-24.27256,27.71875,0.021756457,-0.030261217,0.2286268,27.670258,39.39544,28.144073,-16.820417,31.2706,0.012263144,0.829941,10.818957,16.836136,38.025074,624.33344,1801.555,-21.876944,1741.1188,1280.2257,-31.45635,2862.0603,1007.06757,-38.028236
0 days 00:00:00.630000,0 days 00:00:00.650000,0.46110916,-22.405394,25.55583,0.019338055,-0.018309696,0.21016395,23.579498,37.98988,29.745737,-10.250982,31.372437,0.005163312,0.67152756,10.538121,17.695541,32.776203,538.3214,1664.1481,-13.543472,1636.3854,1145.9794,-30.689629,2880.7239,1566.2612,-34.189465
0 days 00:00:00.640000,0 days 00:00:00.660000,0.45188472,-21.175873,25.810003,0.018364271,-0.0103287175,0.15040387,18.721107,38.349915,31.226969,-3.021311,31.40479,0.010793366,0.8113203,10.044015,18.840263,28.09954,534.3295,1596.269,-14.769657,1629.941,971.5429,-30.544693,2936.0056,1354.8553,-30.738989
0 days 00:00:00.650000,0 days 00:00:00.670000,0.47456527,-18.549109,24.019499,0.013669421,-0.006106349,0.10240054,13.849139,38.032196,31.503164,-0.30548176,31.415703,0.0117515335,0.6520965,8.549009,18.904495,24.499567,532.83655,1598.3408,-15.042043,1602.3446,889.9046,-31.699036,2915.4485,1300.5673,-28.783066
0 days 00:00:00.660000,0 days 00:00:00.680000,0.48318037,-16.457819,22.511007,0.008685601,-0.0038057733,0.09591881,9.689471,39.110413,34.047295,0.44592836,31.738565,0.0114725055,0.5032795,6.122951,16.680223,20.502981,520.4506,1660.0028,-17.464443,1611.9474,969.7444,-31.567148,2819.1497,1083.8359,-27.208878
0 days 00:00:00.670000,0 days 00:00:00.690000,0.49025655,-14.04501,20.887974,-0.0018426093,-0.0011144873,0.10246741,6.3768325,40.26235,34.651123,-1.3579316,33.06763,0.0055658794,0.40225068,5.2408633,15.991635,15.76711,509.58313,1741.1322,-24.225182,1591.0044,1137.9679,-34.181107,2634.8284,1213.4017,-24.873938
0 days 00:00:00.680000,0 days 00:00:00.700000,0.52087,-12.790497,20.743546,-0.0122357905,0.0022140627,0.11080974,5.4748397,33.851147,31.025427,3.2467453,34.588688,0.0039186776,0.25366086,5.92633,17.51697,13.959338,671.4711,1305.2037,0.0,1722.3771,1127.9423,-30.428232,2700.5908,1234.6079,-25.00316
0 days 00:00:00.690000,0 days 00:00:00.710000,0.5961297,-12.74443,21.083197,-0.014068871,0.00142297,0.2786092,7.9045014,25.831331,34.21787,5.159476,35.97293,0.0039186776,0.25366086,8.058572,20.844515,11.723126,894.85675,1571.2311,-41.500427,1788.9254,1047.0361,-32.412186,2833.7122,880.5894,-23.912867
0 days 00:00:00.700000,0 days 00:00:00.720000,0.72465855,-13.624896,21.538187,-0.0008153673,0.0013532314,0.411018,11.145729,17.025055,40.73476,4.915852,36.492676,0.0039186776,0.25366086,9.361449,21.932114,9.804484,899.5694,1470.3267,-41.500427,1820.5303,794.4619,-32.402325,2879.8762,901.3006,-23.161453
0 days 00:00:00.710000,0 days 00:00:00.730000,0.88406307,-14.009215,20.391907,0.02219704,-0.0037068252,0.53380996,11.691731,16.455774,49.644867,0.03453215,36.82839,0.055708736,0.54238105,10.378572,21.168806,6.1912727,553.346,1514.7471,0.0,1659.9528,617.9843,-37.762905,2591.0276,1103.3124,-20.549917
0 days 00:00:00.720000,0 days 00:00:00.740000,0.989227,-13.529358,19.2254,0.041789036,-0.0031483034,0.44798222,8.947579,17.797052,49.076416,-2.565962,36.975403,0.05984537,0.57009447,10.903305,19.842415,4.3880067,330.3903,1204.9653,0.0,1624.5186,491.23868,-38.752186,2439.9417,1175.4327,-19.65837
0 days 00:00:00.730000,0 days 00:00:00.750000,0.95481163,-13.320132,17.676027,0.052803677,-0.006216223,0.4190309,7.986113,18.428658,47.331585,-2.7891579,36.931866,0.062234204,0.7467025,10.051887,18.709345,4.190243,555.4593,1301.8019,0.0,1728.6971,490.6028,-36.755222,2637.742,1009.3286,-20.08293
0 days 00:00:00.740000,0 days 00:00:00.760000,0.7810244,-13.372059,16.992273,0.04494759,-0.003095922,0.41387865,9.142331,18.390617,46.451954,0.92913675,36.819645,0.010994273,0.92047286,6.994701,17.863264,2.8160038,564.5878,1316.1582,-47.998432,1762.7529,477.3539,-32.888264,2626.711,1294.1158,-20.021461
0 days 00:00:00.750000,0 days 00:00:00.770000,0.5789167,-11.572586,15.933093,0.019369116,-0.0048450828,0.42756078,7.9804063,18.710587,48.500072,3.662651,36.739517,0.008327121,1.2123086,5.0091934,17.617874,3.0053463,517.16064,1324.8516,0.0,1739.5497,394.84927,-86.98547,2612.7278,1336.3555,-80.9134
0 days 00:00:00.760000,0 days 00:00:00.780000,0.45007524,-5.4562936,10.296304,-0.001958643,0.012274136,0.3620709,-0.53631496,15.544957,50.235638,12.9511175,0.0,0.0,0.0,0.0,0.0,0.0,567.5366,950.5303,-201.0,1837.4286,554.3652,-143.02586,2633.786,1447.8248,-140.33868
0 days 00:00:00.770000,0 days 00:00:00.790000,0.37909842,2.2900143,2.3434052,-0.015521113,0.020182306,0.23514943,-9.197698,10.112939,46.584183,17.181486,0.0,0.0,0.0,0.0,0.0,0.0,830.9925,665.70825,-201.0,1970.4164,795.4329,-201.0,2835.95,1094.1244,-201.0
0 days 00:00:00.780000,0 days 00:00:00.800000,0.32056636,2.4397,2.2283394,-0.027822182,0.022868337,0.14252594,-10.502913,8.207371,43.842846,21.71839,0.0,0.0,0.0,0.0,0.0,0.0,1205.6523,428.79214,-201.0,2227.0967,1019.5358,-201.0,3058.9822,934.10284,-201.0
0 days 00:00:00.790000,0 days 00:00:00.810000,0.22204416,-2.706021,9.658335,-0.041834917,0.018989176,0.091843545,-7.0287385,7.3919964,34.8791,21.114672,0.0,0.0,0.0,0.0,0.0,0.0,1198.474,602.4096,-201.0,2149.1155,1338.9443,-201.0,2872.4773,1084.682,-201.0
0 days 00:00:00.800000,0 days 00:00:00.820000,0.12295508,-15.407158,25.43072,-0.06245644,0.018202337,0.06451064,0.48559523,12.981387,29.987322,20.279879,0.0,0.0,0.0,0.0,0.0,0.0,1161.6328,1055.1929,-201.0,2037.284,1376.874,-201.0,2879.7542,1001.19073,-201.0
0 days 00:00:00.810000,0 days 00:00:00.830000,0.06357347,-16.94105,27.868591,-0.061924737,0.027387911,0.037129924,-0.9998053,10.551048,24.514364,21.097502,0.0,0.0,0.0,0.0,0.0,0.0,1141.0162,1084.6487,-201.0,2040.1522,1414.4847,-201.0,2900.001,1035.1931,-201.0
0 days 00:00:00.820000,0 days 00:00:00.840000,0.11165116,-14.1246,25.394743,-0.058565844,0.025931085,0.03274167,3.5655677,4.2476,21.0123,23.025515,0.0,0.0,0.0,0.0,0.0,0.0,1118.7933,1294.7638,-201.0,2128.9172,1249.7412,-201.0,3045.2275,976.8387,-201.0
0 days 00:00:00.830000,0 days 00:00:00.850000,0.38663673,-4.3910923,13.183141,-0.027986562,0.0227826,0.17173076,4.082022,-3.9437573,19.457888,26.104248,0.0,0.0,0.0,0.0,0.0,0.0,1188.1178,993.0628,-201.0,2072.8264,1778.3024,-201.0,2895.6113,981.7664,-201.0
0 days 00:00:00.840000,0 days 00:00:00.860000,0.49610344,0.37232518,5.9124684,-0.006985467,0.008874689,0.29024932,7.241993,-8.926792,21.36283,22.846525,0.0,0.0,0.0,0.0,0.0,0.0,867.67035,1209.8657,-201.0,1719.4354,1631.7739,-201.0,2568.4983,919.9982,-201.0
0 days 00:00:00.850000,0 days 00:00:00.870000,0.6752098,-2.5924804,7.8771176,0.02419477,-0.009636003,0.46634758,12.500737,-8.729181,17.18791,6.8414497,0.0,0.0,0.0,0.0,0.0,0.0,630.08154,1167.5526,-133.2251,1454.0511,1482.7284,-133.45598,2397.7605,830.40924,-137.05391
0 days 00:00:00.860000,0 days 00:00:00.880000,0.6421585,-6.0531516,14.385304,0.03842393,-0.02170644,0.4465829,16.68071,-7.831303,8.467002,-5.0919414,30.883724,0.0,0.0,3.0994234,-5.3119,11.733527,327.29822,1255.6913,-64.96142,1381.7811,739.3317,-64.94776,2450.8792,774.565,-72.78377
0 days 00:00:00.870000,0 days 00:00:00.890000,0.8722213,-11.743129,25.646948,0.050513655,-0.028026432,0.7087698,25.91147,-6.8775783,-9.352341,-17.141943,31.037079,0.0,0.0,2.1868315,-3.9680264,11.727656,341.0054,1228.8976,2.5536034,1395.0996,850.91925,2.6077917,2540.9194,862.1126,-9.174054
0 days 00:00:00.880000,0 days 00:00:00.900000,1.0938193,-11.002074,27.809204,0.059759554,-0.020160165,0.7637724,27.016928,-4.8367796,-18.94967,-16.58509,31.426514,0.0,0.0,1.5681139,-1.973492,12.066077,270.25394,1764.4614,2.668047,1373.5155,927.5892,0.802923,2584.4138,790.43964,-10.211178
0 days 00:00:00.890000,0 days 00:00:00.910000,1.417396,-9.478709,26.506086,0.055129986,-0.017176146,0.99975044,27.58816,-6.0011554,-21.808418,-18.038397,31.828833,0.0,0.0,1.7439704,-1.0747385,13.000461,300.91574,1782.8892,0.0,1347.4127,1008.61786,-1.9509414,2576.0293,784.5214,-12.610008
0 days 00:00:00.900000,0 days 00:00:00.920000,1.607409,-5.978975,20.859842,0.04997657,-0.011915092,0.8843617,25.390753,-5.456699,-19.843634,-17.881367,32.160217,0.0,1.313855,2.8323154,-0.77367824,15.6464615,308.85483,1792.7969,-1.1921036,1316.1245,1024.2328,-4.282622,2547.764,632.8657,-16.364996
0 days 00:00:00.910000,0 days 00:00:00.930000,1.502089,-6.0325356,16.963245,0.045002032,-0.019559577,0.9383053,25.760468,-0.6519737,-15.433704,-18.993042,32.259415,0.067481354,1.313855,3.624248,-0.59055984,17.218836,481.1429,1358.077,-67.79473,1350.5742,974.09955,-70.02177,2547.0212,609.41003,-79.27396
0 days 00:00:00.920000,0 days 00:00:00.940000,1.1660928,-7.2003884,15.34969,0.036237236,-0.018222494,0.85812926,22.826162,4.3579793,-7.4419403,-15.726968,0.0,0.0,0.0,0.0,0.0,0.0,634.9703,1493.4506,-134.59398,1445.0137,1094.4481,-135.77614,2576.0774,645.00653,-141.14528
0 days 00:00:00.930000,0 days 00:00:00.950000,0.8211351,-3.9446347,10.305604,0.019599495,-0.006983631,0.7002456,12.184041,5.3563557,-2.1442823,-7.220386,0.0,0.0,0.0,0.0,0.0,0.0,698.4311,1426.5807,-201.0,1491.2067,1227.4674,-201.0,2544.3945,823.76984,-201.0
0 days 00:00:00.940000,0 days 00:00:00.960000,0.6478262,1.5491122,3.9012415,0.007654555,0.009471358,0.43173793,-1.8749666,1.2075162,0.8655646,-4.67446,0.0,0.0,0.0,0.0,0.0,0.0,799.17316,1280.4728,-201.0,1603.0573,1327.7526,-201.0,2581.6223,923.12177,-201.0
0 days 00:00:00.950000,0 days 00:00:00.970000,0.6038821,5.8554196,-0.35290042,-0.0030352708,0.01565871,0.19477247,-10.320571,0.9277976,1.4290353,-2.4856348,0.0,0.0,0.0,0.0,0.0,0.0,881.51495,1083.248,-201.0,1660.245,1675.889,-201.0,2536.3174,962.477,-201.0
0 days 00:00:00.960000,0 days 00:00:00.980000,0.58631533,1.7997159,4.3116574,-0.005140932,0.010396003,0.15477227,-6.1246314,4.5867653,5.28782,1.8650036,0.0,0.0,0.0,0.0,0.0,0.0,816.8615,1198.4014,-201.0,1642.5123,1516.3907,-201.0,2523.7112,947.9048,-201.0
0 days 00:00:00.970000,0 days 00:00:00.990000,0.40801182,-9.244829,17.768263,-0.03221812,0.007839709,0.1961913,3.880561,12.934735,14.65787,13.401301,0.0,0.0,0.0,0.0,0.0,0.0,591.3374,1335.9336,-201.0,1538.0273,1389.82,-201.0,2467.6794,1115.6675,-201.0
0 days 00:00:00.980000,0 days 00:00:01,0.22387326,-19.305754,29.785284,-0.05096331,0.01340152,0.16891582,10.52969,16.54045,19.031137,18.428026,0.0,0.0,0.0,0.0,0.0,0.0,586.258,1350.8793,-201.0,1626.2246,995.65283,-201.0,2628.9094,1040.4597,-201.0
0 days 00:00:00.990000,0 days 00:00:01.010000,0.04583439,-23.24508,34.383266,-0.055315707,0.015695622,0.10265854,10.916336,17.487734,18.896393,15.312451,0.0,0.0,0.0,0.0,0.0,0.0,848.8289,1422.7744,-201.0,1721.765,1506.9442,-201.0,2709.4553,1011.8924,-201.0
0 days 00:00:01,0 days 00:00:01.020000,0.114971675,-16.686056,25.66539,-0.03131691,0.010421014,0.052708168,12.054494,7.541994,11.316063,7.7278113,0.0,0.0,0.0,0.0,0.0,0.0,1058.8829,1283.3215,-201.0,1880.5856,1401.1177,-201.0,2872.0566,639.5886,-201.0
0 days 00:00:01.010000,0 days 00:00:01.030000,0.40409446,-9.986623,17.355812,-0.00045199072,-0.0021020132,0.18546979,12.783985,1.6987677,4.9699025,2.974137,0.0,0.0,0.0,0.0,0.0,0.0,789.2917,1402.9071,-201.0,1689.5248,1281.3307,-145.35126,2792.2507,1061.897,-142.92677
0 days 00:00:01.020000,0 days 00:00:01.040000,0.6089476,-5.132301,10.659916,0.003768888,-0.008914164,0.3377224,10.0149975,2.047345,12.542424,6.088138,33.12431,0.0,0.0,8.647032,29.233757,28.216127,824.9717,1715.0381,0.0,1608.6068,851.6336,-89.512856,2795.4365,1114.4266,-85.627266
0 days 00:00:01.030000,0 days 00:00:01.050000,0.77768636,-8.98356,15.92937,-0.00091634545,-0.008829673,0.6177623,8.5362015,12.941574,23.90928,12.416509,33.045086,0.0,0.0,8.700954,29.245459,29.612528,638.68,1740.6459,-16.115095,1477.8721,878.27594,-33.604023,2646.549,1246.5663,-28.51954
0 days 00:00:01.040000,0 days 00:00:01.060000,0.7822054,-14.306853,19.924452,0.0018608788,-0.004073874,0.7746873,11.146171,20.612343,35.265778,17.599504,32.834408,0.0,3.239324,8.501079,29.161194,32.036316,635.6641,1770.9111,-16.115095,1515.5873,936.28906,-33.79307,2604.196,906.7212,-30.500544
0 days 00:00:01.050000,0 days 00:00:01.070000,0.8697999,-21.230497,26.632431,0.019666934,-0.0027968716,0.76729846,20.351717,22.650076,35.038807,17.191675,32.517895,0.014142038,2.6195102,7.8493805,25.61413,34.116745,373.86963,1367.5914,0.0,1631.3906,818.85724,-35.7524,2630.7734,783.5179,-34.029636
0 days 00:00:01.060000,0 days 00:00:01.080000,0.8353843,-23.78575,29.323084,0.0302658,0.0005359349,0.7092712,26.523087,21.086193,30.338388,19.35983,32.250065,0.012584046,1.6740513,8.06728,21.186897,34.573513,379.50525,1352.0801,-13.610707,1597.978,882.33307,-34.65521,2620.9363,837.46313,-36.806927
0 days 00:00:01.070000,0 days 00:00:01.090000,0.6660089,-26.847435,36.265255,0.024698861,-0.005143669,0.7293021,33.423054,22.973394,23.678736,16.745949,32.044083,0.008712391,1.1264149,8.083638,16.596132,33.996166,384.05142,1368.8094,-13.610707,1543.0221,988.23895,-31.711706,2599.145,842.3747,-37.60023
0 days 00:00:01.080000,0 days 00:00:01.100000,0.51039815,-28.203268,38.6253,0.018652033,-0.00803122,0.65108854,39.301975,22.719421,17.865408,16.05442,31.813482,0.034776825,1.2428737,6.1998706,14.224032,34.538483,339.90747,1411.8022,0.0,1493.6451,1076.1311,-29.95341,2672.5168,1049.2653,-37.94971
0 days 00:00:01.090000,0 days 00:00:01.110000,0.4613192,-26.9467,37.558025,0.019778095,-0.01433716,0.4799981,41.645008,20.659548,14.022592,11.039109,31.678642,0.04743121,1.7917397,4.568556,13.342472,34.9199,527.0759,1457.0981,-101.73361,1713.8861,1111.0121,-86.95944,2990.1028,1157.4525,-92.28015
0 days 00:00:01.100000,0 days 00:00:01.120000,0.4788489,-21.885193,33.553802,0.028180504,-0.011652582,0.29517213,42.99651,14.091286,11.492032,8.913407,0.0,0.0,0.0,0.0,0.0,0.0,557.04895,1345.5652,-134.8224,1649.1371,981.90656,-145.36266,2899.943,1030.6665,-147.57907
0 days 00:00:01.110000,0 days 00:00:01.130000,0.43395987,-17.553053,35.427994,0.022477815,-0.009378723,0.35230836,43.432617,13.417721,7.572794,6.622715,0.0,0.0,0.0,0.0,0.0,0.0,543.5982,1325.1095,-201.0,1507.0883,938.2585,-201.0,2723.8835,809.38556,-201.0
0 days 00:00:01.120000,0 days 00:00:01.140000,0.32626984,-14.54572,36.007854,0.0049290084,-0.0009804778,0.37795472,42.925343,12.401584,5.512213,8.323382,0.0,0.0,0.0,0.0,0.0,0.0,332.44574,1375.9232,-201.0,1184.1366,926.8283,-201.0,2303.3745,655.7277,-201.0
0 days 00:00:01.130000,0 days 00:00:01.150000,0.24126922,-8.764753,34.9371,0.0011100961,0.009219311,0.29672983,37.807064,6.6252894,-5.087576,4.9404197,0.0,0.0,0.0,0.0,0.0,0.0,354.8619,1379.1342,-201.0,1230.3387,921.38214,-201.0,2446.8865,736.1211,-201.0
0 days 00:00:01.140000,0 days 00:00:01.160000,0.26776484,-4.0727696,25.126226,0.011416297,0.01284622,0.20969273,29.979858,-6.956287,-11.468389,-2.519099,0.0,0.0,0.0,0.0,0.0,0.0,394.5266,1276.462,-201.0,1300.6423,921.43243,-201.0,2486.5464,757.65094,-201.0
0 days 00:00:01.150000,0 days 00:00:01.170000,0.30673388,-0.04665939,19.367182,0.016287634,0.014574215,0.13670056,24.002157,-16.263697,-18.240746,-10.858986,0.0,0.0,0.0,0.0,0.0,0.0,437.0194,1091.6085,-201.0,1360.7909,850.01996,-201.0,2556.185,680.35736,-201.0
0 days 00:00:01.160000,0 days 00:00:01.180000,0.3777152,-1.192185,15.956799,0.013502696,0.008986404,0.120717786,23.583075,-22.785416,-17.10697,-13.894325,0.0,0.0,0.0,0.0,0.0,0.0,435.988,973.606,-201.0,1353.4437,824.65283,-201.0,2455.1174,616.1006,-201.0
0 days 00:00:01.170000,0 days 00:00:01.190000,0.52132034,-1.2524229,20.379333,0.018169852,0.009860278,0.22720976,28.223877,-22.03414,-18.872623,-10.251187,0.0,0.0,0.0,0.0,0.0,0.0,447.98608,1052.871,-136.03876,1365.8082,925.97723,-133.80045,2464.5059,746.01337,-140.51192
0 days 00:00:01.180000,0 days 00:00:01.200000,1.0243014,-1.1964521,22.309603,0.026872573,0.0037212635,0.64959234,30.850836,-23.170393,-19.187967,-9.575839,32.51514,0.0,0.0,-2.2282295,1.54373,16.409798,439.8506,1236.7643,-71.029816,1397.6466,1063.2792,-68.177635,2528.1057,895.3203,-80.89591
0 days 00:00:01.190000,0 days 00:00:01.210000,1.5593044,-0.39911544,21.61846,0.03234097,-0.00035284553,1.01969,31.92566,-21.924637,-16.834856,-6.9072127,33.136135,0.0,0.0,-1.2214602,0.46685186,16.194084,452.07962,1401.4058,-6.4148335,1448.6146,1162.423,-4.164274,2617.1458,945.47516,-21.535143
0 days 00:00:01.200000,0 days 00:00:01.220000,1.8255409,-0.38385704,19.576782,0.033974633,-0.0046157097,1.3046368,31.04481,-20.876413,-13.663044,-4.7477612,34.174046,0.0,2.5155053,0.7240348,-1.3854923,14.700199,571.26904,1421.3556,-8.184349,1525.0542,1149.0138,-8.913363,2615.315,882.83496,-21.684591
0 days 00:00:01.210000,0 days 00:00:01.230000,1.7303036,-2.2644584,18.319563,0.031244664,-0.007869171,1.1611882,30.443228,-17.545782,-8.513516,-3.4644518,35.37009,0.09272472,2.6060243,2.7768896,-1.5039495,12.157623,573.0163,1408.5616,-8.347209,1509.7389,1154.2828,-16.028944,2526.794,953.2443,-19.304876
0 days 00:00:01.220000,0 days 00:00:01.240000,1.6029783,-5.058596,17.447235,0.030032134,-0.012458448,1.0259631,27.662039,-13.009346,-3.0614135,-4.9336963,36.299244,0.09272472,2.7870624,4.6068687,0.62627155,12.215749,569.3364,1392.9354,-7.760416,1528.4447,1197.1864,-21.226233,2457.59,1319.0396,-18.776209
0 days 00:00:01.230000,0 days 00:00:01.250000,1.5765796,-7.5642743,15.332787,0.032768782,-0.017794998,0.8304265,22.616377,-9.030026,2.5772002,-9.96198,37.07858,0.09272472,2.7870624,6.4068437,5.279737,13.254954,448.33484,1343.1216,-5.0862503,1518.5052,1163.381,-26.329737,2551.6655,1364.6498,-18.341206
0 days 00:00:01.240000,0 days 00:00:01.260000,1.5022697,-9.274364,14.830338,0.041560426,-0.022851087,0.7302554,18.349815,-3.7129307,6.460096,-14.799828,37.74306,0.09272472,2.7870624,7.992251,11.220992,16.584852,443.01907,1281.556,-4.188255,1557.9331,1144.018,-28.478058,2561.6755,1256.7749,-20.773108
0 days 00:00:01.250000,0 days 00:00:01.270000,1.3818139,-10.93618,15.829726,0.054148465,-0.022206865,0.61428076,15.194238,2.451132,9.456714,-17.366796,38.28357,0.06971321,1.8835846,9.268906,17.145054,15.428498,419.5372,1217.3628,-3.585049,1580.5006,1058.3159,-30.843554,2528.2258,981.49854,-19.323256
0 days 00:00:01.260000,0 days 00:00:01.280000,1.2813791,-12.031878,17.25676,0.054242615,-0.022039691,0.5161439,14.220773,5.5312786,14.884435,-18.687796,38.699265,0.041507572,1.141112,10.447328,20.428183,14.841248,472.92087,1268.9042,0.0,1627.4594,964.7881,-26.38292,2474.2522,937.47516,-20.114525
0 days 00:00:01.270000,0 days 00:00:01.290000,1.2500172,-12.118264,16.956102,0.0564169,-0.02309076,0.4407901,12.786682,6.882168,18.631119,-14.999705,38.983715,0.014806422,0.33671036,11.778339,21.395048,12.863801,465.22336,1229.5148,-7.5378704,1667.903,777.4973,-26.212133,2549.7644,964.74506,-20.366371
0 days 00:00:01.280000,0 days 00:00:01.300000,1.1857628,-11.750548,15.404323,0.05353333,-0.024442278,0.4315845,11.768321,6.485007,20.807535,-9.690778,39.081806,0.010029975,0.44801807,12.445175,19.762356,13.081436,469.7423,1458.2998,0.0,1692.5768,612.8474,-25.42256,2671.4812,817.7972,-23.585848
0 days 00:00:01.290000,0 days 00:00:01.310000,1.0570031,-11.877647,14.202118,0.055079404,-0.021006607,0.3704032,11.322769,6.9427047,17.492262,0.17352422,39.009613,0.0083367275,0.455954,11.497341,17.931475,13.249711,411.91562,1611.1725,0.0,1675.9756,600.1689,-28.250566,2711.153,771.78156,-26.708902
0 days 00:00:01.300000,0 days 00:00:01.320000,0.83582926,-14.824077,18.1822,0.044555485,-0.01555149,0.34862483,12.479695,10.595944,16.889238,8.455101,38.955437,0.0061944574,0.4970023,10.652702,16.779646,13.570374,386.72427,1811.2997,-108.7011,1687.4736,670.0369,-84.78025,2731.4119,720.4655,-86.02088
0 days 00:00:01.310000,0 days 00:00:01.330000,0.6291837,-16.243677,23.017847,0.03318284,-0.013242967,0.33887425,11.647423,14.938458,17.961618,14.657692,0.0,0.0,0.0,0.0,0.0,0.0,358.90317,1575.441,-139.4674,1610.7489,674.9421,-142.0204,2656.211,796.6008,-144.14069
0 days 00:00:01.320000,0 days 00:00:01.340000,0.52017933,-12.734403,21.056448,0.016503707,-0.01081679,0.3767787,5.57577,18.085066,17.66297,13.374188,0.0,0.0,0.0,0.0,0.0,0.0,275.53268,1435.5458,-201.0,1491.3408,596.6899,-201.0,2535.6975,766.52606,-201.0
0 days 00:00:01.330000,0 days 00:00:01.350000,0.5266173,-3.7721643,12.866642,0.010226243,-0.0063003954,0.30933097,-5.8205447,14.863849,12.033291,11.114944,0.0,0.0,0.0,0.0,0.0,0.0,347.1915,1285.767,-201.0,1350.0182,553.3984,-201.0,2447.5222,749.14923,-201.0
0 days 00:00:01.340000,0 days 00:00:01.360000,0.5812595,2.8300126,4.2648864,0.008164736,-0.0055010375,0.20245016,-14.530346,10.294005,0.3872849,5.671554,0.0,0.0,0.0,0.0,0.0,0.0,388.85928,1210.1522,-201.0,1331.5089,576.2285,-201.0,2426.4817,668.66815,-201.0
0 days 00:00:01.350000,0 days 00:00:01.370000,0.64876884,7.274887,0.2324787,0.015564802,-0.00050283194,0.12411728,-21.171392,7.471554,-6.17539,4.562933,0.0,0.0,0.0,0.0,0.0,0.0,461.23917,1129.9796,-201.0,1325.8755,665.44403,-201.0,2424.3298,703.36395,-201.0
0 days 00:00:01.360000,0 days 00:00:01.380000,0.69115955,7.506017,-1.4926554,0.027983785,0.0006564876,0.11076295,-20.90501,7.3508267,-9.895846,2.6323683,0.0,0.0,0.0,0.0,0.0,0.0,620.3387,2224.8127,-201.0,1333.16,797.55566,-201.0,2426.6448,825.60034,-201.0
0 days 00:00:01.370000,0 days 00:00:01.390000,0.7121954,10.531835,-4.486325,0.026217675,0.011595738,0.11560446,-23.160536,7.1287637,-9.313308,3.6459723,0.0,0.0,0.0,0.0,0.0,0.0,657.5984,2215.667,-201.0,1363.3271,942.3525,-201.0,2454.7637,910.2242,-201.0
0 days 00:00:01.380000,0 days 00:00:01.400000,0.8040764,12.843975,-4.798081,0.030120969,0.0107830195,0.18964867,-23.009607,4.4371395,-6.932093,-2.1267002,0.0,0.0,0.0,0.0,0.0,0.0,907.8377,2135.049,-201.0,1695.8335,1031.385,-201.0,2707.8674,918.1872,-201.0
0 days 00:00:01.390000,0 days 00:00:01.410000,0.93379426,17.721716,-9.940985,0.030520953,0.014285918,0.3023783,-26.488731,1.3549358,-0.86703366,-10.652354,0.0,0.0,0.0,0.0,0.0,0.0,695.5373,1047.4432,-201.0,1710.056,931.1423,-201.0,2682.249,868.6196,-201.0
0 days 00:00:01.400000,0 days 00:00:01.420000,1.1068168,21.609575,-13.756999,0.03600934,0.011033229,0.46408036,-28.453226,0.78489846,9.629734,-21.366701,0.0,0.0,0.0,0.0,0.0,0.0,850.3736,886.76166,-201.0,1912.8605,804.4056,-201.0,2880.262,848.24316,-201.0
0 days 00:00:01.410000,0 days 00:00:01.430000,1.1947552,24.47509,-17.86432,0.021962581,0.010946288,0.54796296,-33.729736,-1.3158638,15.419141,-27.118729,0.0,0.0,0.0,0.0,0.0,0.0,715.1289,654.9637,-201.0,1839.2632,750.7339,-201.0,2791.4744,1136.632,-201.0
0 days 00:00:01.420000,0 days 00:00:01.440000,1.2117921,25.594116,-19.771622,0.022702442,0.009341899,0.591685,-35.943867,-2.2876484,16.976763,-31.743622,0.0,0.0,0.0,0.0,0.0,0.0,860.61255,654.75824,-201.0,1969.4935,879.7581,-201.0,2969.331,1344.3289,-201.0
0 days 00:00:01.430000,0 days 00:00:01.450000,1.282101,26.79761,-20.287127,0.01802771,0.01342582,0.64094,-38.233356,-9.437661,15.529513,-31.867678,0.0,0.0,0.0,0.0,0.0,0.0,621.3162,736.55096,-201.0,1873.4728,1106.7975,-201.0,2803.2803,1593.0963,-201.0
0 days 00:00:01.440000,0 days 00:00:01.460000,1.3424706,27.938047,-20.251799,0.022295969,0.017668577,0.7156597,-36.21987,-12.688586,18.584211,-26.127321,0.0,0.0,0.0,0.0,0.0,0.0,496.72745,817.0992,-201.0,1835.2025,1163.1075,-201.0,2814.5645,1538.6313,-201.0
0 days 00:00:01.450000,0 days 00:00:01.470000,1.3491077,26.838236,-16.460087,0.020621574,0.020159207,0.7373169,-33.47734,-15.16451,18.807045,-21.655416,0.0,0.0,0.0,0.0,0.0,0.0,528.3645,662.7369,-201.0,2017.1694,1044.8354,-201.0,2953.046,1330.9674,-201.0
0 days 00:00:01.460000,0 days 00:00:01.480000,1.2056412,22.208609,-11.688546,0.025838546,0.019554945,0.6282125,-26.609365,-14.934559,18.49493,-16.764765,0.0,0.0,0.0,0.0,0.0,0.0,745.5474,632.0076,-201.0,2114.2454,886.1872,-201.0,3072.9758,1198.0096,-201.0
0 days 00:00:01.470000,0 days 00:00:01.490000,0.8981641,15.738372,-6.0924354,0.010741661,0.024941599,0.47024155,-17.597708,-16.60747,16.970194,-10.626216,0.0,0.0,0.0,0.0,0.0,0.0,897.36066,727.9864,-201.0,2091.2705,902.3558,-201.0,3014.5813,1011.69257,-201.0
0 days 00:00:01.480000,0 days 00:00:01.500000,0.5938261,8.576894,2.6201885,-0.01693955,0.0362613,0.31458667,-6.4153028,-22.389528,15.773189,-1.055469,0.0,0.0,0.0,0.0,0.0,0.0,798.64886,702.64374,-201.0,1836.3154,1124.1782,-201.0,2690.6475,1038.7059,-201.0
0 days 00:00:01.490000,0 days 00:00:01.510000,0.32872984,7.8980765,4.7968497,-0.026917368,0.045895886,0.20659572,-1.5761257,-27.319998,17.215761,4.250665,0.0,0.0,0.0,0.0,0.0,0.0,665.3455,628.7804,-201.0,1688.524,1213.6732,-201.0,2504.5627,968.08185,-201.0
0 days 00:00:01.500000,0 days 00:00:01.520000,0.23610242,5.8726363,7.4239287,-0.020236546,0.046356276,0.10948334,-1.4992361,-27.637236,15.863721,4.650822,0.0,0.0,0.0,0.0,0.0,0.0,647.4104,615.3147,-136.96843,1686.3896,1362.4886,-137.55318,2447.9592,997.98047,-140.61151
0 days 00:00:01.510000,0 days 00:00:01.530000,0.27584362,8.519459,4.6590943,0.0070459084,0.03746272,0.07590874,-4.247442,-24.35444,11.610863,1.1514107,25.267887,0.0,0.0,1.8111922,6.5419183,17.811924,612.20465,789.7054,-71.843834,1621.1012,1327.8236,-74.22175,2441.6953,1054.0768,-80.9808
0 days 00:00:01.520000,0 days 00:00:01.540000,0.38965234,3.1863449,8.274816,0.020635286,0.023163592,0.10693256,0.75481385,-13.167882,10.651559,-1.1674398,25.149078,0.0,0.0,1.3337122,6.8511415,19.136726,568.0819,1275.7872,-7.535727,1427.7697,1220.849,-10.872948,2427.1643,908.5157,-22.38939
0 days 00:00:01.530000,0 days 00:00:01.550000,0.5476001,-2.059858,12.568577,0.02521567,0.0033143305,0.21946406,11.71618,-3.6072247,7.94322,-7.8828735,24.803259,0.0,0.0,1.0089031,7.0688877,20.791817,704.23773,1389.3076,-7.3452506,1654.0133,945.6775,-14.9916115,2740.166,920.04346,-24.58013
0 days 00:00:01.540000,0 days 00:00:01.560000,0.75357467,-7.4976635,17.346357,0.013450594,-0.008323476,0.32392037,22.321283,2.748332,6.9449944,-9.353665,24.405233,0.0,0.0,0.7709217,7.0737777,19.8887,686.7552,1375.8081,-9.147048,1674.7113,850.5218,-14.718875,2818.0232,859.4467,-24.78199
0 days 00:00:01.550000,0 days 00:00:01.570000,0.9709282,-8.137418,20.174124,0.00027838687,-0.0130614685,0.39278117,27.029062,0.75393486,-1.1946998,-8.020566,24.182203,0.0,3.1035624,0.9157479,7.4838943,17.936304,695.17035,1128.3794,-10.209527,1760.9956,887.48737,-15.550279,2842.8635,928.46173,-23.45765
0 days 00:00:01.560000,0 days 00:00:01.580000,1.0978669,-6.992002,19.326674,0.0013090544,-0.011699592,0.38725185,26.612566,-1.8511304,-4.3073077,-6.7652497,24.180862,0.025803717,2.5609944,1.2687898,8.192071,16.971512,444.1263,1129.6447,-10.833909,1343.1959,973.9079,-11.082366,2454.0503,844.46967,-21.935083
0 days 00:00:01.570000,0 days 00:00:01.590000,1.1301593,-7.2013297,19.035019,0.0033471435,-0.016202906,0.34562245,24.30159,-1.8656006,-2.1253445,-7.179094,24.170023,0.030305527,1.9540192,1.5947853,8.3934555,19.149696,442.64502,1083.0344,-10.229308,1350.1134,944.7242,-10.612599,2385.7854,769.0467,-22.724655
0 days 00:00:01.580000,0 days 00:00:01.600000,1.1079153,-7.6900315,17.778181,0.005227586,-0.01930703,0.3484367,23.397554,-1.2739354,2.370213,-9.773538,24.032492,0.035373494,1.3578342,2.0714636,6.8639984,22.099045,442.67053,1091.4911,-9.292575,1368.6691,941.8445,-8.289081,2378.0498,772.9129,-24.325027
0 days 00:00:01.590000,0 days 00:00:01.610000,1.1264576,-7.3652396,18.516634,0.0034435277,-0.018019969,0.36714065,24.382675,-0.04848504,0.47209296,-8.657944,23.649803,0.033120032,1.1491097,1.2825286,4.7515798,25.40596,472.5265,1247.6744,-7.4164295,1427.2656,1011.06396,-6.896553,2412.3423,828.4751,-26.769707
0 days 00:00:01.600000,0 days 00:00:01.620000,1.1411875,-6.2452354,19.44722,0.007619833,-0.014873969,0.40763664,26.198097,0.008606434,-0.98383623,-4.389012,23.15909,0.029496482,1.0647235,0.96656704,2.788578,28.6458,468.59387,1244.7357,-6.3067155,1429.3422,967.96063,-6.805988,2451.9358,893.26294,-29.44782
0 days 00:00:01.610000,0 days 00:00:01.630000,1.0787748,-6.3673368,22.041056,0.008973521,-0.016478157,0.41895768,28.077888,3.0677478,-3.8590844,0.9183603,22.643417,0.028383225,1.0503315,1.7113165,1.7965087,30.364222,457.97415,1208.0728,-5.522389,1421.1761,894.55304,-13.160744,2483.1853,876.4917,-31.005785
0 days 00:00:01.620000,0 days 00:00:01.640000,0.91504055,-8.1988325,24.353312,0.012369045,-0.02119094,0.41454503,29.596998,6.3415275,-1.6794773,4.0264244,22.388002,0.019783216,0.8063677,4.178299,1.5382477,31.750845,420.0024,1082.3402,-6.1878715,1395.5887,782.0156,-21.657614,2625.9705,992.5555,-32.6154
0 days 00:00:01.630000,0 days 00:00:01.650000,0.66181964,-13.68189,26.427946,0.005218134,-0.025339618,0.39167485,33.41422,11.674808,3.45421,3.905964,22.381845,0.027540907,0.61963916,5.969359,2.1117373,33.09,574.6535,1156.2235,-12.452741,1628.6212,774.2203,-30.027514,2940.2957,978.58545,-34.552155
0 days 00:00:01.640000,0 days 00:00:01.660000,0.456116,-19.375092,28.560736,-0.001030896,-0.023095667,0.26827288,37.384243,14.960129,9.186563,5.317049,22.522604,0.04007237,1.8862828,6.7267594,3.1538038,36.658604,730.2851,1276.8306,-18.581078,1853.8639,835.72504,-33.24293,3193.006,1060.8131,-38.83234
0 days 00:00:01.650000,0 days 00:00:01.670000,0.3323345,-23.459772,30.847534,-0.007735194,-0.016091814,0.15187453,39.26475,17.537222,15.308342,7.466497,22.686485,0.041947704,2.1097882,6.7830105,3.7890036,36.27634,674.0462,1508.0518,-17.771107,1912.5995,1057.6244,-35.646614,3085.1116,1159.5862,-39.306522
0 days 00:00:01.660000,0 days 00:00:01.680000,0.30438218,-23.79817,33.10434,-0.005821958,-0.0123082595,0.07050342,37.994545,18.67109,17.652262,9.405454,22.825617,0.026237004,2.2008781,6.4975495,3.6670997,36.40162,694.68756,1625.4443,-18.046339,1915.2423,1170.6804,-36.197575,3083.0886,1346.9662,-40.759903
0 days 00:00:01.670000,0 days 00:00:01.690000,0.2931492,-23.548616,34.660313,-0.0034155853,-0.013411164,0.05887894,35.999287,20.412886,19.408195,7.292705,22.88601,0.010417253,1.1120101,5.9359946,2.8657062,33.808746,725.71857,1685.0537,-18.154541,1965.358,1314.0602,-36.01985,3116.4944,1424.3754,-40.013016
0 days 00:00:01.680000,0 days 00:00:01.700000,0.2825644,-24.04397,34.885696,-0.00459706,-0.01580553,0.058430333,35.14411,21.138254,20.441021,6.5947337,22.71905,0.009498722,1.0284017,4.9376435,1.8782802,32.2235,999.3616,1579.5654,-25.049395,2100.0054,1277.7013,-33.235477,3365.575,1257.0907,-40.66055
0 days 00:00:01.690000,0 days 00:00:01.710000,0.26303646,-24.412153,34.6164,-0.01073249,-0.011255455,0.06939653,34.22116,20.70999,19.435587,7.6888123,22.617989,0.011958347,0.82221156,4.3539386,1.3698459,29.691626,964.44806,1527.348,-83.54641,2054.7627,1256.1368,-88.479126,3289.6228,1046.3949,-93.23159
0 days 00:00:01.700000,0 days 00:00:01.720000,0.2329012,-23.418203,34.199978,-0.013087141,-0.0059794206,0.10072055,31.43789,18.676315,15.610509,11.209957,0.0,0.0,0.0,0.0,0.0,0.0,852.9605,1625.2476,-142.27657,1872.5394,1151.5424,-143.92757,3173.9844,828.55634,-146.45569
0 days 00:00:01.710000,0 days 00:00:01.730000,0.21321791,-21.431442,32.352425,-0.014646596,-0.008970934,0.11710163,28.885553,17.31434,6.463589,8.429086,0.0,0.0,0.0,0.0,0.0,0.0,663.9537,1731.2491,-201.0,1527.193,1310.46,-201.0,2755.2087,771.0778,-201.0
0 days 00:00:01.720000,0 days 00:00:01.740000,0.21996804,-18.170382,27.3015,-0.010657367,-0.017036093,0.11099198,27.665854,10.370806,1.5260035,2.7056482,0.0,0.0,0.0,0.0,0.0,0.0,535.6088,1619.5146,-201.0,1353.2997,1362.9127,-201.0,2519.3225,951.03107,-201.0
0 days 00:00:01.730000,0 days 00:00:01.750000,0.3155296,-8.657941,17.588198,0.0039741057,-0.012562201,0.12506135,21.79925,-3.5245693,2.2348454,-0.35789967,0.0,0.0,0.0,0.0,0.0,0.0,672.61835,1354.535,-201.0,1435.958,1522.333,-201.0,2361.0442,1241.0585,-201.0
0 days 00:00:01.740000,0 days 00:00:01.760000,0.36569762,-1.8289913,9.903853,0.0125406785,-0.00091774296,0.13022967,15.23339,-15.576922,8.193099,-0.78824115,0.0,0.0,0.0,0.0,0.0,0.0,662.5776,1193.6293,-201.0,1562.9938,1267.1515,-201.0,2415.6956,1317.9196,-201.0
0 days 00:00:01.750000,0 days 00:00:01.770000,0.364385,2.1315956,6.4026604,0.015750239,0.014022668,0.12258563,6.8519893,-20.342278,14.517016,1.7151221,0.0,0.0,0.0,0.0,0.0,0.0,880.69336,1127.1022,-201.0,1786.8057,1194.6653,-201.0,2636.9443,1039.4791,-201.0
0 days 00:00:01.760000,0 days 00:00:01.780000,0.28983247,1.8689791,8.337925,0.001336162,0.016323484,0.08405039,2.7527237,-17.653824,20.271368,3.5745375,0.0,0.0,0.0,0.0,0.0,0.0,883.7637,1075.6542,-201.0,1899.7604,2101.8933,-201.0,2555.36,937.8465,-201.0
0 days 00:00:01.770000,0 days 00:00:01.790000,0.24343085,5.317344,9.251939,0.0067504607,0.017486079,0.05552611,0.42960814,-18.095007,24.542955,8.069289,0.0,0.0,0.0,0.0,0.0,0.0,1113.0682,931.83453,-201.0,2020.961,2928.5374,-201.0,2605.0881,933.1585,-201.0
0 days 00:00:01.780000,0 days 00:00:01.800000,0.21190679,6.321259,11.651302,0.0070659425,0.016600998,0.04812662,1.6872135,-16.405901,26.355513,13.288559,0.0,0.0,0.0,0.0,0.0,0.0,868.5049,1325.8008,-201.0,1787.6691,2916.0837,-201.0,2385.7097,1056.816,-201.0
0 days 00:00:01.790000,0 days 00:00:01.810000,0.17528825,2.6892471,12.882525,0.006573904,0.014371842,0.037998613,6.7969794,-14.817146,25.347483,13.033428,0.0,0.0,0.0,0.0,0.0,0.0,658.04803,1395.3116,-201.0,1497.3373,1730.5479,-201.0,2414.335,957.52716,-201.0
0 days 00:00:01.800000,0 days 00:00:01.820000,0.13925244,-2.2379494,12.771098,-0.0016201749,0.011777401,0.038103376,10.541839,-9.660573,22.853806,10.749288,0.0,0.0,0.0,0.0,0.0,0.0,410.9473,1453.7745,-201.0,1373.5121,805.5467,-201.0,2386.949,852.564,-201.0
0 days 00:00:01.810000,0 days 00:00:01.830000,0.1175845,-7.1984158,16.266504,-0.0063805804,0.009538979,0.037311368,12.235165,-8.1977005,21.799414,6.835138,0.0,0.0,0.0,0.0,0.0,0.0,414.8042,1143.9741,-201.0,1375.3589,700.82306,-201.0,2345.9573,860.5779,-201.0
0 days 00:00:01.820000,0 days 00:00:01.840000,0.09331298,-12.354507,20.78824,-0.009136104,0.008948598,0.034086198,13.042628,-3.77145,20.16413,5.9899306,0.0,0.0,0.0,0.0,0.0,0.0,406.41177,1168.7411,-201.0,1389.8566,703.38007,-201.0,2341.352,888.5258,-201.0
0 days 00:00:01.830000,0 days 00:00:01.850000,0.0805121,-14.350678,24.576439,-0.009925607,0.010316141,0.037256654,14.158962,-2.0533652,21.120117,6.631106,0.0,0.0,0.0,0.0,0.0,0.0,400.41605,1202.2593,-201.0,1408.1725,671.84326,-201.0,2366.4614,933.1541,-201.0
0 days 00:00:01.840000,0 days 00:00:01.898250,0.067300655,-14.42632,23.918686,-0.021745464,0.015836947,0.028785115,13.921925,0.027957747,16.916702,11.314728,0.0,0.0,0.0,0.0,0.0,0.0,416.9078,1185.3049,-201.0,1447.6538,731.4759,-201.0,2539.341,883.5086,-201.0
